InstructorID,InstructorName,DepartmentID,Gender,Username,Password
19-4841660,Bing Gathwaite,91-848-4231,M,bgathwaite0,8b976efd6ce8afa81ac6fd7061b2994dcb00c77e66f3f3da17a42d980e18999d
71-5516721,Helaina O'Rudden,86-669-4756,F,horudden1,dd53e8aa0b06d3977fdb2ba4981a475d7e65e121e00fffb37d2782a1be588a08
77-5737669,Cody Truggian,57-938-3487,M,ctruggian2,fec62e14ff4f052a1b034069c3c4eda08d6a07584d4f96f8a29569cd2dbec5e6
42-7134173,Corrie Lofting,57-938-3487,F,clofting3,4e6ce01b32497d5a85bb66732eee4cb49f7e9b1470d5a51929ca792346b22dbd
01-3237640,Boonie Moxstead,86-669-4756,M,bmoxstead4,5ca03c0b224fc43f28f455ae35a568de2044a197f22d8615acd22dacc0274f50
48-1675330,Cherianne Gepheart,67-002-3473,F,cgepheart5,a78b70d40a3a5d85a989a47ea596e9f6345afd666c3ac1b833c48b4e502a5021
86-6635017,Claus Paxforde,86-669-4756,M,cpaxforde6,dd420a90fbf2c610d2963cfda48f1761e22ec8865688941979a7d8842b540cc0
76-5494067,Tansy Youle,66-558-344631,F,tyoule7,28919e7368925cb5f146e199ea83283fe325f8d68b1c41c5cb95b0719d3625f5
72-0606634,Teodoro Downs,57-938-3487,M,tdowns8,bf1f1655eabe60b9da571f1215cc037a6ea77bab66918e792d5e4a340c93e7f9
56-2972175,Madelina Martinson,49-204-5694,F,mmartinson9,16e8ee877aedf7f265de2b600b500a2114f1e7f2bb0b8760ffd2390cda3fa9f2
73-9229170,Stillman Chisman,76-433-51,M,schismana,abe4bcee93466beb470f72125702b24d3ce556801f7c86284905435863d54026
18-7900169,Glyn Dericut,76-433-51,M,gdericutb,d403cd72772ad6ed4250e08e7f9cf637f93dc507ff04929db8f47eaed13a614c
59-8817342,Pail Izacenko,86-669-4756,M,pizacenkoc,2e19decf8b335ff196fd1ec8f79083794c4f85eefbf9d16e808f5f733c0c092f
69-9326085,Stephie Goodhand,91-848-4231,F,sgoodhandd,a033e711a3ff59ce620d154ab767035cbc8330193f5b2940ba6ad5d6432c5d83
48-7893908,Micah Crosbie,91-848-4231,M,mcrosbiee,627b7864813e59cb22a81678031d019c9fbea8a39f4511359a4570a1303bd5b9
63-5786805,Kristal Coulthard,91-848-4231,F,kcoulthardf,7f061ef9be8780dd7f96961dc3ce0b40cd8e5d0855193d6e8399d72a5d0c6d0f
86-8370781,Temple Kilner,91-848-4231,M,tkilnerg,c7aea3e6ba4589dddbcd7ffd12d5fa1adbf2399ceb8324438533102480d723e7
48-7867289,Dannye Breadmore,86-669-4756,F,dbreadmoreh,39a5bd13eedee77af84d1fe156f499aa1e7c1ad98d49476725fefedde61e8a6a
16-9951752,Giacomo Reisenstein,37-756-2067,M,greisensteini,313818669417c47e877785e6e37e00e69369913f18bdead1b2622f3a8e1421f5
06-0402181,Lisabeth Skerm,86-669-4756,F,lskermj,0df8b82a2a226be3918977bbcf1162f6d1570be5933cd479ef3e249af295fa5d
36-4468282,Sharline Duff,66-558-344631,F,sduffk,d0de97091e9b2201d3c4a14c970d18a968679a4869a764f9bc9a50108694de28
12-6240371,Jerrie Layland,04-435-9616,M,jlaylandl,18576f2241e437fa6703524bbe03f582984ac8d767911a3b1d8a21468e5c9e75
16-5122049,Venus Hazel,67-002-3473,F,vhazelm,8dffa5b6a8801b712dacb6dde0eb569e2ef16425387ac46448d0947f9e84c8dc
96-4870098,Annette Syme,04-435-9616,F,asymen,cd97bd6b0ecbc38843a973a0c960d768183c0c2ebe122d75d0dc701c8cae978d
22-2551644,Alessandro Room,04-435-9616,M,aroomo,a66150f758477cec8f50cdb3818fde2ae2e1430576792221f7beeb3d8a48caa2
44-3019830,Lizzy Tuxill,37-756-2067,F,ltuxillp,d54efe38dc816937a122d2403b7e4f82d25b470076f5fde8e435477564d03419
17-6889417,Micah Beckham,37-756-2067,M,mbeckhamq,e6f685fce820c1fddc2603aa9e2a8e331a1faaea224c70a6b694dbe65d2737be
74-5957867,Sharity Prew,86-669-4756,F,sprewr,982d57296cd81ae9a42cb01c707cd4c3e76b2d8bf6a45794f6e8dabc6c47c83a
45-5443235,Carlotta Ismead,57-938-3487,F,cismeads,3957096ac62207f0a6ac867c1b2bdc666bc6d7d594b089e65c578e502e05df55
66-9913255,Simeon Quayle,86-669-4756,M,squaylet,a83bebdde9835e3c69c962011dcb70f447466159868c5e208f7d5292e9394b51
76-3787512,Hallsy Hargreave,57-938-3487,M,hhargreaveu,b6194b3d76a4375fcc839976bb00e776b76b1c59620931166a4d58d048e7358c
75-9894755,Lamont Bartell,67-002-3473,M,lbartellv,c1ba4187cb7d27bb56e396c97d57fff0420b99d408ab330019f79750adfc973d
38-0287623,Brit Aldam,57-938-3487,F,baldamw,e095bd423b200731d5a41e63f512b051874e23d4140f632b4346a514c8bd2014
32-3979338,Emmit Kewley,57-938-3487,M,ekewleyx,e6b09c013b69a53985c87d6861d06b2626ef77fa1946af6cb15db25df5b7b5b9
55-9027929,Louis Dimitresco,49-204-5694,M,ldimitrescoy,2501e8bf495d27ad302ac662465435bee6c004f2a8957b163cb90129597d7558
29-5289868,Mile Shapiro,04-435-9616,M,mshapiroz,fa323b42cf60bcbbd4c4880286d32c540640b97b0daa618bf83f6d0af0815673
21-4478375,Zelig Manilove,66-558-344631,M,zmanilove10,384c2b67d650877b9192ebcd0dc6aeb4e00a9623fc460bda2f86d181d0271d01
23-2615970,Barb Gamell,66-558-344631,F,bgamell11,486acc5d7365f51852ce54b3cc4935cf128dca7de9d58362f4d22fb99f229da1
01-1633133,Yule Marryatt,04-435-9616,M,ymarryatt12,0f45d368a0ef8fe38c754b53be48ccfabddf113c8f96d0631d9cd70ae9966cac
74-4501205,Corabel Jackman,66-558-344631,F,cjackman13,2c4b93b1dbfb6632e04cad4d2ac18a78b0ad23a8477037f3fc397f00666e8a3c
40-7897149,Godfry Morrill,86-669-4756,M,gmorrill14,3fa8718b34644355b1b551cac1eb011d2e8fdc2d3a4ceb768d1fa74c5965645f
10-5796923,Ettore Caris,04-435-9616,M,ecaris15,95eec74aafc898062969185dd942666adf350b943ce962b8fe8d254b8b62eeef
67-0042173,Melisse Runchman,76-433-51,F,mrunchman16,8f3dfa63611bb2beca57a1ff9a19ba4c16923aa8fb41b25fb66b4fb2897f4ae7
19-3477003,Quill Deacon,76-433-51,M,qdeacon17,2348923ed0def36c704308b9efb0bc30dc7f7c940462c6fabfda7e402b39d21d
66-5650942,Meir Keegan,91-848-4231,M,mkeegan18,8fccf45820b51eef7166eae91983cc602bf52f16eeab75fce142025fd6057cd2
66-4853060,Annmaria Leirmonth,76-433-51,F,aleirmonth19,3fc266b0d00db2da482cf26573b4e2cc511efdfaab8562104fb3d6b774f0b5f8
02-8678013,Giacopo Bloan,67-002-3473,M,gbloan1a,103adc1e6b04611ca180efe63360bf1fe42c6301cbce1e695c21a2df19c6ad42
20-4208882,Sigfried Noni,76-433-51,M,snoni1b,113297c9d745c176d7be40f32e9c795033b874a7676d6d5f4f72cf09f55c1e60
08-5921127,Dona Simmig,76-433-51,F,dsimmig1c,473d71d7d277fdcec308c0756794ffb5bb0829a00b0c77116e389dbae3e709bc
26-1238334,Obadiah Reyne,66-558-344631,M,oreyne1d,4d17eed60343baa380862dfb41daebb2e0de0e1af7f7c764e8aaf74601c9ea40
34-9886666,Jonis Lamartine,49-204-5694,F,jlamartine1e,e9438615ca6a86c12fc766c9f8faa9c8e0a16064dda47ffaf9d3602ce8642d80
10-6393965,Sidonia Shoebotham,49-204-5694,F,sshoebotham1f,e1c60a43ab0a7e442421a4da4022141f0f4d1afca021652e6b799ca430de8299
12-9805173,Bobbee Schutt,91-848-4231,F,bschutt1g,6870eb8b38129bb440710a380d2e5ebdae1b4982c496860401d093220192975f
52-4725918,Dallas Alliston,57-938-3487,F,dalliston1h,925fb7edbeed8f454767e20af43a93379ec7a54b65d1b44da10b2e86c75f409f
33-4809960,Eda Brightling,57-938-3487,F,ebrightling1i,5ed206692ec9a91294ea7543d4a43618f593ea121c4d571117e125db57b84c36
82-0976365,Carlene Cubberley,04-435-9616,F,ccubberley1j,a3f61475255c52e8bc9f8c294c8afbb28c92a2496b4c3e91247f196bdcb91202
31-4003707,Lainey Visco,66-558-344631,F,lvisco1k,23669b0f3fda67e343682a84d61fd46d432e1e0dfd5c439c9a0487c6c459eef6
24-8865999,Berton Wesker,91-848-4231,M,bwesker1l,64ec6f559e556d26fdbe466be58ef93d4e144c79787d3b99eb432c32b10ad711
58-6994648,Hubey Whitwell,67-002-3473,M,hwhitwell1m,f019f33b33a343e3fc4a7f8befe96dea3e360661a538bfcee3af063a78fb8ffc
53-2301389,Genvieve Chasteau,37-756-2067,F,gchasteau1n,0bff889bb5da4686d039c88872cf202a7978b62d7fdcb25111769fa2daa90473
95-0707045,Theodor Crowley,04-435-9616,M,tcrowley1o,ec61bbcd1b28a55b366b445b0a1c770311fac5f85b9db3ee7a7c7a45c734beec
28-1726868,Prince Duerden,91-848-4231,M,pduerden1p,1a650bbfc67c25176ee933225faccb0079fc79a8d6d82caf2cfb0cd201f57127
68-2037223,Waly Trinder,04-435-9616,F,wtrinder1q,24e3d014df2679fe9e2a0e74a54ef352213e2f754304fb359ce2f5a1646c6060
45-2082362,Kirk Bohden,91-848-4231,M,kbohden1r,3f93e62d5a1c00281030fcb6a37e21cff78782f94262ba763f2074bd6189cacc
46-7899648,Cirstoforo Sharplin,57-938-3487,M,csharplin1s,c2c245b1024abac0f566e0833f78ba3dbd8e8e94ad0356326189e137798178c0
26-6160112,Shelley Mayne,67-002-3473,F,smayne1t,315e9086fa2b5b1137b49687373ddb041ff8dd6bb46efa21eb60071bf637c8f7
50-1380190,Che Lightollers,76-433-51,M,clightollers1u,1de8f59a58e566e6e56adaacb538de3e9175932db1e83400a5e1a7fcd38963a0
88-9056585,Daron Tampen,67-002-3473,M,dtampen1v,afe415500a0caaa55698e372db2febc9e1d5e0aaaf6d0a0d8a0c7f8ad236017b
51-8630014,Remy Vivians,67-002-3473,F,rvivians1w,8f2b52e1c680775c132c5fc86cffa573667b6e43c1c6a642e1b574a3a2a6016d
07-6132638,Casar Yakolev,37-756-2067,M,cyakolev1x,4314e35e2c81cc20c6bc33b7e98fdc31d0a3f465571546cd771e52744786ed7f
92-6236084,Noak Gruczka,91-848-4231,M,ngruczka1y,d448ee54502614af07b61500eff7a9cfc4eefaf3251a0a84a409d6c8468b496c
49-8930451,Harland Balshaw,49-204-5694,M,hbalshaw1z,4e4beaf276d2eb7cce53a19c9d19d92b3962056bd3b6b861d3ada104d28c1698
33-6283810,Tuckie Pires,57-938-3487,M,tpires20,3dbdd9d95bc2dabc0e9a844aeabfbacb5aa8bae785b1934d0d8325560fdf53bb
38-2049399,Astrid Byers,37-756-2067,F,abyers21,9eca389f7aa8e0303c039c6c61cfb848c931ac0f7c74cc732ef53c09a76a63b1
64-1408066,Agnesse Dranfield,04-435-9616,F,adranfield22,eb58726243608407f7f73d834a29d6f6654741969acf358243b7dff2cd5fa304
62-5740174,Wain Kitney,49-204-5694,M,wkitney23,58c471981064f16a67d6fd5289a6b82613a4afe4c4fa260c3c8e7b1e45afd89d
01-0479100,Launce Fryett,66-558-344631,M,lfryett24,3796d63576da6b0e7fb3839011d16271917463705cabba06f15bb9cae590c058
05-8136747,Dimitri Heale,91-848-4231,M,dheale25,7ae6e9b1c7d86a3697a210e47d6c6550137687a427390b76cc622c30fdba7372
46-6094891,Teresina Colleymore,57-938-3487,F,tcolleymore26,d00a4813b0b2e13700b085532ff1d74c2c979e5d5f300e8c11cb5ebe8a9e32ab
47-3190075,Tymothy Habens,67-002-3473,M,thabens27,1fd4b84959355f733431e319e8b561d8d651b1deec14f49290d545c76969e742
99-9757762,Dore Bawdon,49-204-5694,F,dbawdon28,56e4a48378b4713f8d9990ead6ebd3d5d72234dfd0b4556254f8537894c9a776
36-4318689,Jon Marfield,49-204-5694,M,jmarfield29,3a0fee2044840f50963578c6e09b3a5e764f5a27dde4b560921113597bc9b99d
71-0692394,Jemimah Lawrenceson,67-002-3473,F,jlawrenceson2a,89034d0dbfb097b5fff45e50fb49492d48e413d419e4de70f6b741a8233fb970
78-3020894,Bail Vibert,67-002-3473,M,bvibert2b,7b28be9f344c3f53a64a471d453795c9b024c4c111ddcafd39973d1ca0d2c73a
59-0973147,Lianne Ickovits,49-204-5694,F,lickovits2c,945ed6679a823ca2d67e562ab358771664813866f4eec6cb68e7d8d48a75013c
05-3684159,Izaak Shakesby,37-756-2067,M,ishakesby2d,de3341f05dbc90db83f09661aa36ec712ee5d8677a44e7eef6f5e56de3f8c4a4
78-0709943,Tucker Dohmann,66-558-344631,M,tdohmann2e,7bc0fac37e5cf9d57e1c803321594855fe5eaafc15f23f62ccf7be53bf3800bb
32-4608249,Matias Nunns,04-435-9616,M,mnunns2f,47f6d4f4778a1804d9e008f029dd3a9e7b7a8d13bfec17f4d813a838d61653c3
35-0882910,Thatch Brydell,91-848-4231,M,tbrydell2g,3830d89601dd5fc4f199fdf8ec5faa8981f11b54f4732a2f985086d7a2d2808a
26-0463502,Brnaby Chelnam,37-756-2067,M,bchelnam2h,6891ef6e95f474caee2e28119861eefe480d184268e8b4d8db398089d635c9e1
57-6443274,Carlos Estable,37-756-2067,M,cestable2i,1f740e6d12a3bf1bb15f243bd2ce2852dc9362d05371bb42b651aedd061cda1e
50-4855526,Sal Trimme,91-848-4231,F,strimme2j,087c1941a02c22c14c6ee49604e574a78ccd97c97fbf823fda22e96d8eef86dc
06-1013545,Cirstoforo Smithend,66-558-344631,M,csmithend2k,9ec8ff58f063fe0b8b3f27d884625d60e70d16762280fb25cfa5bf0b0733c9f0
40-0350258,Anastassia Simeoli,86-669-4756,F,asimeoli2l,c972505c61a82324afa7fe31189956801acd067cdca87cb7ed9402f661127264
17-0136261,Ephrem Trollope,86-669-4756,M,etrollope2m,6c59ee3ad31fd32555acd4144cecefb5c1a8531dfb2b5de12f9c73659c4fd491
27-8596824,Ker Torbett,49-204-5694,M,ktorbett2n,7d1104ae5ee401e0c9d1554123d05f9bc1168e731c6de147bb13e184e80e4ab6
69-6156898,Dareen Haken,57-938-3487,F,dhaken2o,f16aff10bbe8ae7936a5688e1eaf6423bf74529617b3e7f85c723054558f7851
00-6640296,Nettie D'Aubney,91-848-4231,F,ndaubney2p,87b0c9f470eaaf08e9092c620f353b219c7ef1ec866f9cd15c752f8abb2a1271
81-4691892,Wald Coneybeer,37-756-2067,M,wconeybeer2q,0a9518ce01a3f10c88d135a86d545809212549c1bac9be93bd110fe704daa99d
72-1693164,Myca Karpeev,04-435-9616,M,mkarpeev2r,047f2d5a020619bc475197432402257c3b52d34e8ffa6e3afda31702c17fab15
87-4257618,Zacherie Saunder,49-204-5694,M,zsaunder2s,6c00711158a1616ab685a37f3a99c012fba3eb0d29636939a65bb0bf4647fc10
58-3219631,Thalia Carnie,86-669-4756,F,tcarnie2t,f628421af7cf7418a49295fad5fa5d9afd30e6f723a388279a26c86234e3fb36
60-4900188,Janeczka Ballister,91-848-4231,F,jballister2u,9138736029eb4258c8db2198a03a634eb6bb5a4c942c6e0adc9bba30884e582f
37-5216651,Dore Lardnar,66-558-344631,F,dlardnar2v,3bc1c3c970b35902aacece5247aca0b3be45824c3b9354a945a16bc0af5e9ffb
35-3901450,Yvonne Hinchcliffe,91-848-4231,F,yhinchcliffe2w,34f8d57448ee608c070ca83dfc864386e706cf3d501e20861cc73c6f69a85f41
60-8383859,Abbott McVittie,57-938-3487,M,amcvittie2x,881f9d27fe349d2993bb7c09de541f255407fdb6aa5d7e20fd8dae167495c16d
84-5854697,Basil Van Salzberger,04-435-9616,M,bvan2y,4008095fbc0752499b8080bda6c38ca68adacc26ab6029ea5499db083bd7231e
51-3346967,Keelby Arnason,66-558-344631,M,karnason2z,4f37c8b4cbae2a9de454c7aa8a2062ec00ee98da4aa8d61fd26b7c9a423a782d
93-1071034,Michal Hallad,91-848-4231,F,mhallad30,a32260ca96091c5dc52ba0661d9333169cc62d968f8ce42741a20ebb2eb7da2a
31-2244860,Carina Mariyushkin,49-204-5694,F,cmariyushkin31,bc24a398fea3542624821751f4b84b13411fa653f2e0ac0945da03b89d20ef29
74-5698210,Jennine Hierro,57-938-3487,F,jhierro32,f1b92a13d07a14d949c1a60a18c2b367f2358ede961183c1385b522332772a80
68-0145097,Olvan Latch,76-433-51,M,olatch33,f4a2e8b86ddc6d40b7b6db656d6f1aa7876e18c8918a1ba1b24e19f7d8bd959e
55-3022393,Munmro Kane,91-848-4231,M,mkane34,7ce472daf29720ccf553755ac8dd0ed8f5e56b34d13fa3be23a5739dd005bdbc
96-6300450,Luise Ferrucci,49-204-5694,F,lferrucci35,e9450eb1386df3287b18e50217488b3ebffc7da71af79ad5a89d3ba9c38c5555
94-2465724,Marrilee Shortan,66-558-344631,F,mshortan36,a3b688bb48f3f15979cf119649da2f593ff63a6958cc225ea9aa21bc817c2619
25-3193504,Courtenay Stother,91-848-4231,F,cstother37,ffb6b661e07cfeb1b20df27f4e45975d1b833f140dea9bb847bafbd1fcd1e5dd
09-1235163,Andris Hullin,37-756-2067,M,ahullin38,31cd8c794d97e82824a77b23a67a80b143a1e22775e4becafdb700a8ba6700cb
00-7034884,Even Hansard,91-848-4231,M,ehansard39,1deb3f029c5ee69a4b6d5d4d594857b5572f8c80674e95c884aebf4b8bb7eaa5
95-4824098,Caterina Whitten,76-433-51,F,cwhitten3a,3dd81130c9e1ad11947def94c01a4432f40b9cfa7f103c981dc0504caf78d155
48-0272757,Mikey Smallcomb,86-669-4756,M,msmallcomb3b,f1e62aec39e131c7945f3d972dd82f1993b37c6aa281f76409e3fc29be4bff76
89-2891841,Giselle Strutley,91-848-4231,F,gstrutley3c,bac4faf3ef96cb787ebd2c10136a5ed57d16198f1efcde06a84f9decdc6cb523
47-3793926,Em Toombes,49-204-5694,F,etoombes3d,3b888d32e794279585cbf0aeef0320085d7c7a60a5f80f6a489b6c45c798e278
57-4792730,Sigrid Bartomieu,91-848-4231,F,sbartomieu3e,6884afede076a598ffda9ce63a407dbba209712375c4ab64df0f7f1d7e9fb965
24-8177392,Noelani Mowett,76-433-51,F,nmowett3f,16aa1d91d7b4df79352bb5306744e1eb023c854909ed5fdee3925b1f091e4cb7
38-3381686,Alyss Machin,66-558-344631,F,amachin3g,9d2530ec50a37a3df47278df02eb6a2b5a043cc819d8c4da57704d02857eebce
25-2407729,Lavinie Schurcke,66-558-344631,F,lschurcke3h,1e02d689735d917c16a892a28f0ad122b7ca269bf60806505c936a68264ea465
45-0691524,Xerxes Kleinhausen,57-938-3487,M,xkleinhausen3i,a68ef43637f629aedf0899be4ae77d4718c6b19bc422e87741dd3f1ea33be421
30-9971257,Frederick Lantaff,91-848-4231,M,flantaff3j,8d6df2d888ccfc9240de493ce7bdd8ef1dc350b1ef35ae30278dd359fafb4509
53-9965374,Glyn Jewitt,86-669-4756,F,gjewitt3k,f2723e3ac3ae2e25f03360c0cf73e631cbe9a4ea26125656881a75601d73e1d9
13-7537662,Colan Nutbrown,04-435-9616,M,cnutbrown3l,ce09f9207406ed3b226fb2d332daa6981bc1c23239d609d6b6389bd8d667ac08
15-2393191,Marthena Harper,76-433-51,F,mharper3m,3abcda4e42b2355d3e24c7bb5e1b32172109faa4f3e6b3936a74be7b9058c377
74-5163129,Cristobal Macken,57-938-3487,M,cmacken3n,a009a3a6a96625675afdfe791745c81ac536e4cd21c19a40b00315f0ea8d5cd7
67-6156261,Virgie Shaw,91-848-4231,M,vshaw3o,0f1066cd447608c2798eb2665b764b95949abea6a4593981c5f9c929afbc011f
13-4693127,Ranice Sinnott,49-204-5694,F,rsinnott3p,5684e18de81f5c876b164a18c91f21cf84dfe7d5f9f541fc7ebcdd7c94f73665
76-6601609,Giana Hugill,86-669-4756,F,ghugill3q,5d1433a883eb724971a2a7b0879efd349bbff45a758b2bb88bd9da969c167cc0
38-6923587,Roosevelt Swannie,67-002-3473,M,rswannie3r,7fd64e36ab60d5c4c236dedaff93ba09165dd86ad694ffa9447a5b9b635ffbd2
14-3844465,Orelle McGlue,04-435-9616,F,omcglue3s,194507c420ba6c5336834c1824afc63684d6d224fd233f1364e917563d39a962
75-9111172,Tommy Barense,04-435-9616,M,tbarense3t,c7b2481390f37e699fb9fc78ec378ca5b620270a2d44260b9d4a119ac818eeba
08-8683763,Harcourt Guichard,91-848-4231,M,hguichard3u,81be1c595acc461388b273f11194d8d50c70964cce0eb74d9ab5f034e4cb467d
08-4721604,Mic Sorro,66-558-344631,M,msorro3v,4366ee5e293cfe0cc5953a5018305309345e782779e23cfd98c753decb142956
46-5937486,Felecia Cutajar,37-756-2067,F,fcutajar3w,ab102553e9bb23a7f85d87642221949cefa4f6d49216fa317dd93bc5269a4037
85-0510994,Phil Cordie,04-435-9616,F,pcordie3x,9ff455080ad512da963baf87dab28e75ad166ba402f2232ebf28ea8c2203fb6c
78-6434110,Darelle Wardrope,66-558-344631,F,dwardrope3y,11e8abefc6021fd65eedf42fce5df6fc05c6cc3527c0f38240da8f3188f68e3f
37-3442865,Grover Omrod,91-848-4231,M,gomrod3z,5bd0aa63b6c4d31a46209a0d69fb9013e9cc9c41c4d92ecf46f743e1e2105f8f
24-3335268,Charo Gaylord,86-669-4756,F,cgaylord40,5f10318ed78194b2c2f3d1a2e40b6c67effa727715569686bdcbcc0cb1b2fb29
83-7256974,Reidar Gleed,66-558-344631,M,rgleed41,972fcc680d22e74c1f12e0fee60b5824d97d0546bfe83a586556595246d3dadb
25-2009681,Jillene Gerge,76-433-51,F,jgerge42,2e39659c10476f5e3f30fc725b9c782d5eb5b1216c9466ea6ce94fe514eda76a
96-7452346,Gray Pond-Jones,91-848-4231,F,gpondjones43,4f2e5b1e0e4431240d1260a99681088eafab5459a9c74c181bb9c44eafda9642
01-6714137,Laurie Bowbrick,57-938-3487,F,lbowbrick44,1e094459487d0f34bee047357053f9c5d2161753447fa9e695b74d388d065c46
35-3563298,Brandise Eaden,67-002-3473,F,beaden45,4579b9b00dd9aa65ffcdd32e1916fe299cb1b217fc0adc42c617575ebc779061
84-3020559,Gray Niesing,86-669-4756,F,gniesing46,1ad475c52db83f5e4903736d9fc27dcf1e4ba07330f07351d5db9920b648eefb
90-1504856,Gracie Gurdon,76-433-51,F,ggurdon47,78e377da08ec4048e31de09473d666b720ea2604125459789c3e39cb6842bdd3
00-2671298,Vidovic Coppens,67-002-3473,M,vcoppens48,07475c661ce5d24d58051510c09f47fbb8026b85c0f78431fa99d2e780be7fc9
73-5207116,Lian Birkin,66-558-344631,F,lbirkin49,312d050abce60897ef58e46a53eb39a126db196061d5230478c239766db97e8e
09-8540884,Jo Marin,86-669-4756,M,jmarin4a,c08d498ce40acb37f4bcbc46a02fb6cba711f1f543aa4586a4ada2f397b1b54f
51-1382493,Ripley Ormshaw,91-848-4231,M,rormshaw4b,f0ef8ac8380dbf8cb0865c6825225a0a3af4e60e2b45c1130cbc6cd009b550ae
25-8066449,Evy Swinyard,04-435-9616,F,eswinyard4c,dc33d5ce27ea75aeb091b09d4b98ea55bea752f008c11116fdc6dc80a217ed1c
50-6986986,Jo Melmoth,91-848-4231,M,jmelmoth4d,bd19e0762dc69c8739e58840eb6f6b2d9c0be6d88a263c65eec87bc472202061
56-8550940,Julio Twyford,76-433-51,M,jtwyford4e,fb08b08361778a1fd2454bc5d035ca929d9ed0bd40c2c4dc0de8fef7d137f37d
91-4505260,Gretta Avery,76-433-51,F,gavery4f,d4d7bff240b2544d6ca0f639f08c7bdbfe41054ceaa4cf9bd183f673d38e9743
09-4233756,Cy Gilson,91-848-4231,M,cgilson4g,5903a2d9499f8c3fedab321f1022c639ff53231e7f2729c289ea4c35952db2b5
59-9190746,Rowe Dunge,67-002-3473,F,rdunge4h,22c43c6d46bf6739480cc38468e01970f5d2fff4744fdfe0cf54498fcc80db06
92-2557317,Bria Dalyiel,91-848-4231,F,bdalyiel4i,4b8696e0eaafab2ad68240c513071baa89c97fedfc2e3eaec6e29366e6fbd76f
00-3694804,Holmes Rodenburg,37-756-2067,M,hrodenburg4j,ae6144ba22ce5e03b191c66dfe90ecb9dc9c2500258d786c3c44a587f09166e3
44-5181557,Shanta Server,49-204-5694,F,sserver4k,36ba2d700e6195b99e1166c2f743b8da07d71a3766b97cdbd6160b974cd6544d
43-5264826,Josefa Gratton,04-435-9616,F,jgratton4l,c832a4ee65fd7d8b8de90b34ce8fa08ccb9a23c8514056c54bdc916caacac3ab
60-8757988,Filmer Wrassell,91-848-4231,M,fwrassell4m,1b0eda33d24f44e170ceadc5adec377c4ad35b91a33536e7f66b803afc02ea1f
26-3567051,Walden Scocroft,86-669-4756,M,wscocroft4n,de990d57f669c7cba1f48f620fca7cdb7fcd5b130d77c5946ed73798df081a0e
58-5426761,Janie Loveitt,66-558-344631,F,jloveitt4o,c7cb0c58905e8a05487dd2531012ead733d3a40d9afd276b8ed5dea9c615108a
57-0786458,Janice Okenden,37-756-2067,F,jokenden4p,3432762e78647d47b62621c3972eb487181f66fea8b0cfe7b103aec85f5c6e8f
55-5436634,Kristofor Wildsmith,66-558-344631,M,kwildsmith4q,ebdbe9f2fb019cecf4a8238273b4ac282533159ce25a69afc0663e2e34edbbb1
81-2323794,Flora Bortolotti,91-848-4231,F,fbortolotti4r,7b04ca7de995cc3c46b5b38d262ca551eacd5e9cc06f5491faea96b3dc80eb4f
26-8066797,Athena Crossgrove,91-848-4231,F,acrossgrove4s,7b193c2fe956ae62e64f88c5259a908b1f450249506c2348360f16ad1c3a5078
12-9784384,Devin Lalonde,37-756-2067,F,dlalonde4t,2899af2ffc64cae1885fbe7b737eaa123ece19a8052ba723732e48b81acf4833
82-9569528,Sharity Cauthra,49-204-5694,F,scauthra4u,cbb8f793fd406c771b5526dd8689b714e72d8f7eb9896f29eba0210f73e8f970
26-5342592,Shane Trenear,49-204-5694,M,strenear4v,8d6737fb7d83f03ab582933528145751650a7a037c6df3205b3580e8121adf96
85-6743230,Alfy Jaquet,91-848-4231,M,ajaquet4w,228a36336204fc092d106549560c1c07b101d1f00128e349d22d3e2d67ca4e46
71-6401846,Leonardo Danielovitch,86-669-4756,M,ldanielovitch4x,32a2284d384323706a2c8d0957b05a6fbb496961e623359b988863d405ad1eac
87-1321992,Hansiain Bottomley,49-204-5694,M,hbottomley4y,5cbd2393ff811f7232f298799a978609067285fd60ac2989d1935156dec005f4
85-1483368,Heath Jackalin,49-204-5694,F,hjackalin4z,ffc66bea159267048f134d86dd8f548c652f40bdd62419842e93d02eee044ba1
26-3797722,Crosby Pipworth,86-669-4756,M,cpipworth50,8f248c521eb150be083e20743bca747bb51417ff504b0ec7f69ff86fb09b2b42
00-5883858,Edvard Rushton,91-848-4231,M,erushton51,5213e0b449b52207bbdc7ab2e1ab562b500d7f8608b43a20aa9c80c43d68056d
99-9150161,Zed Ivkovic,76-433-51,M,zivkovic52,1a6ce4b59a1f62b841871208c9da5a72c371890885060f0bd88af669a65e089c
41-6172381,Val McAughtry,86-669-4756,M,vmcaughtry53,f90308ea42ee9f5cb033a2ce12db3fbc3813692247f473e4de27a397dbf596a0
04-8241983,Darb Gianullo,91-848-4231,M,dgianullo54,046b1f0f6321cc75506829680730748f737709e4719c5a4405e8a7b263995703
89-2671816,Inna Edgerton,04-435-9616,F,iedgerton55,e0ee38b896b549519035616658b5b218100a377afa58bf05add847fbe66ee577
02-3416192,Oralle Boole,04-435-9616,F,oboole56,051720be69232098f836d0ef3ae6daeb43fc4ee0ffb35a7d0437fd71f2406935
72-8512124,Zebulon Mazzilli,49-204-5694,M,zmazzilli57,2b2272ea3a57e3c9a83800c6d7f67d03569c26ebaea8593c04aed258dedee4b1
29-9514005,Shep Shrimplin,04-435-9616,M,sshrimplin58,573a288ee01a54b9ae12f46bac05537cc0bf2fbcba242850016980794e8be081
72-6835658,Malchy Screas,76-433-51,M,mscreas59,0e8a706cee0e6c445a1702cdab08f1e3265141deca5fae400a424e4a7b48cc0f
91-7306835,Sonja Dagon,66-558-344631,F,sdagon5a,6224618975eb5ee9467f58b2d0306f2d671eb8f60d5b5d5a2fc8815a8ceeafdc
78-0582384,Eugen Prentice,37-756-2067,M,eprentice5b,a566e0e0bb4f37dedf4474964af352b70ce240680f08a88d7d220a53eb162c11
73-8231558,Myrwyn Tiler,86-669-4756,M,mtiler5c,824c8bd0ddd8254f6ad0080bfaf8ad94a15e9c66da5fa4d0a48fd79f2009469a
67-0805988,Zorina McGifford,86-669-4756,F,zmcgifford5d,23b15a54e375fe573eb2b0e8198ae66ccb3daa5746c55253833b04a55dfbcbe6
83-7243489,Jen Binge,49-204-5694,F,jbinge5e,e2e31b940ce5f939ffb0957fdf5dad71ec17b6dee32288a5dbc758f1400c2864
09-1098214,Tammie Simister,67-002-3473,M,tsimister5f,16245f22159af4ee036ab6b509308ce243a1547b47b606423f4b058579b0472a
40-1275775,Daryn Stovine,57-938-3487,F,dstovine5g,c7ad70891f9f4d01fa16c6679e5ce95efef65aab1a7b2fefa6abf688785d9f72
56-2828781,Viva Tyndall,49-204-5694,F,vtyndall5h,84a5fafe594dd83d931823e7bc2343fe91010d9cd610ab6f04992568465e18c7
10-3939122,Merle Tremethack,04-435-9616,F,mtremethack5i,a01855fa51b63f364418e495101dd89fa897baa8395074e8fde2a4d577105151
10-1007079,Kalil Tomashov,49-204-5694,M,ktomashov5j,2f357bf66a9ab385f79f098571a53ee00abeea11954a3ff86bf6f0d3777d696e
12-2631565,Regan Ruprich,76-433-51,M,rruprich5k,5c7f9f20ed9cb6f222b51e002f1275177e8fbe9ff835ee6f1e6137e88d985ab6
41-6135840,Meggie Quigg,57-938-3487,F,mquigg5l,15b0cfb5bf5c20f58418eba0ff65f5898e04d39a6aac4c7c006637dab0752451
66-3537577,Patrica Gilchriest,37-756-2067,F,pgilchriest5m,567facc354a2ffe6101537ba4ffb947774f9adb15b2e02a5e7b0c0b1921e25d2
10-4847357,Antoni Theunissen,04-435-9616,M,atheunissen5n,3bfd812c853013d216652abc190a7170b253db33e5e7c84fe46ccd6be2838fc0
49-6486217,Terrance Ginnelly,49-204-5694,M,tginnelly5o,cdef40797088fba77bfbb2d0921a6fc5281a29d5bdca081eac43e3c59ac782a2
97-5028545,Staffard Brobyn,57-938-3487,M,sbrobyn5p,f25b32a295174815fcaa288f42ff1085fd76ea4bf348b9530e0e8c0a637c8578
32-3879758,Galvin Snowman,49-204-5694,M,gsnowman5q,7f2e3ac44a6049459bd76f0401aa40e8dd113865d41757f14093e06ce39c4c4c
14-7172559,Rafaellle Langthorn,86-669-4756,M,rlangthorn5r,a0ddb8e69ef712e0058485ce00cdfa4feae5ee3766152fed42499c0822ac0b2e
61-0783393,Marna Brickwood,76-433-51,F,mbrickwood5s,24a3352c42c2f8784e05dce337f71b956821e886fa4a43a32fc5f4b692bb6555
27-2062028,Nowell Sherratt,37-756-2067,M,nsherratt5t,f6985d0f29ea012a6fa1c544159b44b87a435235c710b685aa16f1383bce8578
59-2949013,Judas Malia,04-435-9616,M,jmalia5u,2050a5c3b644bda04acad54beb1cbcbb8236b3034040ee48f109583cd1623e3f
18-0693244,Derward Franke,66-558-344631,M,dfranke5v,7640bbdc1614764f7a549995c981441ae78eaa15ae6f49c75ba48f741442b250
68-7877385,Bradley Temlett,66-558-344631,M,btemlett5w,658efa312ef7b10731171bc08c5d61bf5c1c18b44c528985c2eb598938a9d23d
13-7580578,Zuzana Halahan,37-756-2067,F,zhalahan5x,2d23359c83890c7c219bb7dcc1d0d55974163e11bb53895b4be944a1a25677bc
62-1159951,Jareb Holmyard,04-435-9616,M,jholmyard5y,b24498499bf784f87538f3e45866f3adf1058a26e6074a9c3386bf95a17c4478
16-2495532,Malia Downham,67-002-3473,F,mdownham5z,c56dce4bb83846ed0750a897a8090d01bb75e4c39db913a6e462f015eb45b36b
32-7132247,Chick Wudeland,57-938-3487,M,cwudeland60,bd2a57df9b3fc16e47b105a8aa2aa761b99559ac4879026073fab612e1e670e1
50-6340548,Brody Iacovielli,91-848-4231,M,biacovielli61,a37af898273f4b61432478ec8c1f707c82109155e407b1ccabf784564fcde69f
94-9084555,Dal Waddup,37-756-2067,M,dwaddup62,3cc38bbd26dd00b9d8796785bbe1b5d49daf4474344a94454a227da42c55e969
60-9827996,Hasty Boast,86-669-4756,M,hboast63,20b82b7c8f22765b16abb6c0d622f13fb4784e6ec298723f43d40cf981d73eae
69-4375521,Oliver Redfield,76-433-51,M,oredfield64,df58c14460fddf8b836f5b36825b3c3b250343d5b0cfea479da0ca4fe0955aa3
32-6152882,Herrick Tryme,49-204-5694,M,htryme65,dec7d7b34a6450a85a95179d676969f393a6e5a6ccd6bf708d864d186c952ebf
99-5841960,Cello Kobu,49-204-5694,M,ckobu66,449b6ee47a9920a7e50d23e5bcad634009b64b3a4c0903e8a3b7d291c7a4b739
41-6625201,Moyna Hartland,37-756-2067,F,mhartland67,bc91f6005326f088ebc1ef7b8c36704f9e79def21e7f2c5bff2eb5c70c9d79b0
88-8511367,Rana Allitt,67-002-3473,F,rallitt68,d9f494d0d138c50524196ed10c0ac01b010132760c844b0fc246d8172ba6b632
53-4213614,Charmine Mynett,66-558-344631,F,cmynett69,b2bd90f72aea694d951f4e678296899704393b27def4f8d0abddbed1a7c087ca
23-9468158,Arch Passey,49-204-5694,M,apassey6a,f39a0e37334435df5fe0722a5d3498d4590b12c18977664624107218011fefb0
64-2791947,Roselia Anslow,91-848-4231,F,ranslow6b,c57c77828083fb039ccbc3fd35538b6c3bf54fcfd53d63bdf8eaa2dcbed26c2d
52-8249482,Gayler Gelletly,91-848-4231,M,ggelletly6c,b3cc8ce41db3a060ba40490b37720d08c658f9b4c68dc283b20d781cd1c2db3a
39-7065549,Tara Blamey,67-002-3473,F,tblamey6d,12b3779aeeacaef07ea2e29beacf7f0223da1f8355ac885a757dda563349078f
42-2578881,Otto Zuanazzi,91-848-4231,M,ozuanazzi6e,9221f4ff2e7de7e2fb7d3e5283987720254c95288b4f7ae317af479fd866e01e
91-0143145,Chickie Commander,49-204-5694,M,ccommander6f,f0fb745b3754242dc56d6c4fe783f10452aa04ff399c0946c0f8316a2e5c844d
69-3600090,Anthony Oakinfold,86-669-4756,M,aoakinfold6g,9d88a3a34e2b5ee7cf15085ed064dd4f5444ede5a211693899f62c3a92b90d1a
07-7491276,Bud Sheering,67-002-3473,M,bsheering6h,de71b0d65761efb7e07847cbbaf755896c9b2175fb9114277c2602e4c7752773
20-8965448,Zedekiah Skeermer,91-848-4231,M,zskeermer6i,47ccf0b37924f245bd751731573957a316d3a9bea98dd544fdb45cc5a994caf4
74-6376989,Ronnie Dewen,86-669-4756,F,rdewen6j,3bd98ffb74236c0560d560220cec6847efa06db1af10c359de18a5392d144327
11-0546855,Hilliary Denziloe,66-558-344631,F,hdenziloe6k,66bc60edca3626152a4b14e830210685d68735145352d5d6c9a192fc069212d9
83-9664012,Ollie Colquite,57-938-3487,F,ocolquite6l,3679419f6478ccb04b5a636b123b0d43a0421d1e4dd9585d8da52ca529e821fc
61-4582261,Arther Jobes,91-848-4231,M,ajobes6m,0fcb1c0cc5efe4e3113350dffd94d7ef4ac82e772824d4ec02e82800f66bc9b1
04-2135150,Cindelyn Langhorne,66-558-344631,F,clanghorne6n,caf503d9f76521626dd51782b7623b0acab93addea578baa14c0aeff49f1efd7
53-8841327,Julius Fogt,67-002-3473,M,jfogt6o,82d1a870d2bf8fed946523c38590e6a30ffbd2abd9a2d211a3b74bb3de3be397
87-1090478,Kerstin Nobriga,37-756-2067,F,knobriga6p,2e6066baadbb476bd4a27a220c2bea507355f03ebdcfd4cf67363984489577e1
76-1442599,Tammy Atwood,66-558-344631,M,tatwood6q,8441c660372b04a544c82cb5f441d41f7f65c3eceba1af57221b99fa5cb63cd5
81-2357621,Bran Lavarack,57-938-3487,M,blavarack6r,b6f53a3f2823cca67857f4e0b30e88ea6a6e40d51b38366473917460a645593f
55-3460100,Katrinka Twining,49-204-5694,F,ktwining6s,71894aaa4849d1e48d11ddeaf5348139f25e940625935a8ff5b4a20c32da42a5
35-1356677,Jack Sapir,04-435-9616,M,jsapir6t,8c308d999b2ca73fd7ff3a67ca56b71049c7deb96e6a0159ad5af810850ceaa2
25-2278965,Kizzie Hampton,66-558-344631,F,khampton6u,e1b9ea2a9bf6c741a2c57b568f743a6a8002e953416961eb2598b090187322c7
98-0732159,Camellia Meriot,86-669-4756,F,cmeriot6v,811414c002243c463ed0e21547ad757112a75e16093121e98299f4cc05572b47
14-4161896,Elsi Keri,49-204-5694,F,ekeri6w,1a2469d5fe1b1436899b22fbfd975a86cea8f49a83cc448984877f1dae232624
55-0421402,Weber Solman,67-002-3473,M,wsolman6x,87e211133a841546606399a1b357836fc74232d525ca502ac80be38dbe5ca0e9
